{
  "num_nodes": 30,
  "num_edges": 58,
  "density": 0.06666666666666667,
  "components": 1,
  "avg_clustering": 0.19555555555555554
}