{
  "num_nodes": 222,
  "num_edges": 302,
  "density": 0.006155476743712038,
  "components": 26,
  "avg_clustering": 0.09798834819370623
}